PIC0270.JPG,166,264,364,429,Pig
PIC0270.JPG,446,262,532,408,Pig
PIC0273.JPG,500,265,684,436,Pig
PIC0273.JPG,701,312,822,484,Pig
PIC0276.JPG,1001,378,1109,585,Pig
PIC0276.JPG,1077,461,1221,714,Pig
PIC0279.JPG,778,416,1044,602,Pig
PIC0282.JPG,710,413,902,610,Pig
PIC0282.JPG,896,417,1172,617,Pig
PIC0285.JPG,717,390,869,586,Pig
PIC0285.JPG,877,470,1156,736,Pig
PIC0288.JPG,641,385,873,561,Pig
PIC0288.JPG,860,308,1016,505,Pig
PIC0291.JPG,645,356,833,537,Pig
PIC0291.JPG,820,416,1024,636,Pig
PIC0294.JPG,658,340,885,489,Pig
PIC0294.JPG,876,462,1048,701,Pig
PIC0297.JPG,542,322,720,500,Pig
PIC0297.JPG,169,457,314,676,Pig
PIC0300.JPG,246,366,396,600,Pig
PIC0300.JPG,560,324,721,500,Pig
PIC0303.JPG,177,366,362,574,Pig
PIC0303.JPG,549,336,713,530,Pig
PIC0306.JPG,242,270,454,448,Pig
PIC0306.JPG,541,337,732,541,Pig
PIC0309.JPG,346,402,604,618,Pig
PIC0309.JPG,330,237,493,362,Pig
PIC0312.JPG,541,417,704,613,Pig
PIC0312.JPG,476,285,596,441,Pig
PIC0315.JPG,869,297,1001,484,Pig
PIC0315.JPG,1017,274,1149,424,Pig
PIC0318.JPG,874,354,1072,518,Pig
PIC0318.JPG,981,280,1088,401,Pig
PIC0321.JPG,605,362,830,541,Pig
PIC0321.JPG,318,296,501,492,Pig
PIC0324.JPG,380,349,501,544,Pig
PIC0324.JPG,550,269,672,432,Pig
PIC0327.JPG,889,470,1198,766,Pig
PIC0327.JPG,557,252,672,348,Pig
PIC0330.JPG,794,236,880,345,Pig
PIC0330.JPG,1065,429,1270,668,Pig
PIC0333.JPG,801,392,1074,589,Pig
PIC0333.JPG,684,272,800,414,Pig
PIC0336.JPG,540,317,776,477,Pig
PIC0336.JPG,817,273,1017,432,Pig
PIC0339.JPG,182,230,345,394,Pig
PIC0339.JPG,1057,314,1250,478,Pig
PIC0342.JPG,26,301,220,488,Pig
PIC0345.JPG,246,246,440,384,Pig
PIC0348.JPG,253,325,432,516,Pig
PIC0351.JPG,130,370,316,573,Pig
PIC0351.JPG,694,461,941,672,Pig
PIC0354.JPG,28,501,332,718,Pig
PIC0354.JPG,833,442,1053,682,Pig
PIC0357.JPG,852,384,1108,576,Pig
PIC0360.JPG,686,305,866,482,Pig
PIC0363.JPG,848,280,941,434,Pig
PIC0363.JPG,349,196,505,321,Pig
PIC0366.JPG,1098,294,1200,462,Pig
PIC0366.JPG,46,193,178,334,Pig
PIC0369.JPG,60,525,257,868,Pig
PIC0372.JPG,473,440,717,668,Pig
PIC0372.JPG,112,294,289,502,Pig
PIC0375.JPG,230,298,412,474,Pig
PIC0375.JPG,492,356,641,554,Pig
PIC0378.JPG,470,268,670,421,Pig
PIC0378.JPG,668,370,884,573,Pig
PIC0381.JPG,981,372,1190,597,Pig
PIC0381.JPG,740,157,849,246,Pig
PIC0384.JPG,14,701,250,937,Pig
PIC0387.JPG,321,417,513,630,Pig
PIC0390.JPG,21,401,248,600,Pig
PIC0390.JPG,970,278,1166,438,Pig
PIC0393.JPG,333,410,582,633,Pig
PIC0393.JPG,820,262,958,429,Pig
PIC0396.JPG,464,312,698,453,Pig
PIC0396.JPG,716,408,1006,604,Pig
PIC0399.JPG,374,253,572,393,Pig
PIC0399.JPG,833,378,994,565,Pig
PIC0402.JPG,206,257,404,386,Pig
PIC0402.JPG,694,297,873,469,Pig
PIC0405.JPG,217,229,370,361,Pig
PIC0405.JPG,645,321,810,516,Pig
PIC0408.JPG,300,290,496,444,Pig
PIC0408.JPG,418,228,548,373,Pig
PIC0411.JPG,121,366,292,560,Pig
PIC0414.JPG,52,325,266,509,Pig
PIC0417.JPG,200,350,454,529,Pig
PIC0420.JPG,386,425,645,630,Pig
PIC0426.JPG,737,294,909,480,Pig
PIC0426.JPG,1130,576,1277,941,Pig
PIC0429.JPG,725,356,916,533,Pig
PIC0429.JPG,640,745,1061,942,Pig
PIC0432.JPG,565,392,784,612,Pig
PIC0435.JPG,661,393,928,570,Pig
PIC0438.JPG,1057,481,1274,737,Pig
PIC0441.JPG,61,677,290,941,Pig
PIC0444.JPG,948,718,1274,938,Pig
PIC0444.JPG,646,242,801,364,Pig
PIC0447.JPG,617,526,970,734,Pig
PIC0450.JPG,660,484,804,734,Pig
PIC0450.JPG,973,380,1240,586,Pig
PIC0453.JPG,405,538,678,754,Pig
PIC0453.JPG,964,401,1254,590,Pig
PIC0456.JPG,250,481,402,713,Pig
PIC0456.JPG,968,398,1270,602,Pig
PIC0459.JPG,1056,394,1277,592,Pig
PIC0462.JPG,774,476,1070,722,Pig
PIC0465.JPG,232,818,669,948,Pig
PIC0465.JPG,948,312,1182,461,Pig
PIC0468.JPG,2,457,234,626,Pig
PIC0468.JPG,549,350,778,500,Pig
PIC0471.JPG,132,436,368,629,Pig
PIC0471.JPG,425,276,614,398,Pig
PIC0474.JPG,328,248,429,390,Pig
PIC0474.JPG,32,392,270,580,Pig
PIC0477.JPG,188,353,446,525,Pig
PIC0480.JPG,440,421,677,618,Pig
PIC0483.JPG,49,304,220,442,Pig
PIC0483.JPG,641,370,886,538,Pig
PIC0486.JPG,145,365,386,509,Pig
PIC0486.JPG,762,394,926,594,Pig
PIC0489.JPG,65,356,266,538,Pig
PIC0489.JPG,193,248,294,392,Pig
PIC0495.JPG,688,404,925,592,Pig
PIC0495.JPG,750,298,968,461,Pig
PIC0498.JPG,634,388,874,564,Pig
PIC0498.JPG,736,292,914,430,Pig
PIC0501.JPG,178,418,458,612,Pig
PIC0501.JPG,525,360,769,524,Pig
PIC0504.JPG,601,376,864,568,Pig
PIC0504.JPG,785,430,1108,629,Pig
PIC0507.JPG,981,301,1098,478,Pig
PIC0507.JPG,725,292,921,414,Pig
PIC0510.JPG,249,318,437,509,Pig
PIC0510.JPG,584,349,826,493,Pig
PIC0516.JPG,124,512,285,797,Pig
PIC0516.JPG,957,292,1117,457,Pig
PIC0519.JPG,330,416,641,624,Pig
PIC0519.JPG,480,261,662,441,Pig
PIC0522.JPG,221,293,478,438,Pig
PIC0522.JPG,501,372,722,573,Pig
PIC0525.JPG,540,353,653,546,Pig
PIC0525.JPG,781,286,1012,448,Pig
PIC0528.JPG,492,309,674,520,Pig
PIC0528.JPG,781,346,973,518,Pig
PIC0531.JPG,561,350,792,529,Pig
PIC0531.JPG,941,388,1133,592,Pig
PIC0534.JPG,708,433,978,641,Pig
PIC0534.JPG,1061,329,1264,504,Pig
PIC0537.JPG,206,438,365,682,Pig
PIC0537.JPG,730,410,884,620,Pig
PIC0540.JPG,692,405,898,606,Pig
PIC0540.JPG,589,338,728,518,Pig
PIC0543.JPG,400,428,717,630,Pig
PIC0543.JPG,561,252,694,372,Pig
PIC0546.JPG,302,266,424,444,Pig
PIC0546.JPG,694,340,906,524,Pig
PIC0549.JPG,168,334,334,514,Pig
PIC0549.JPG,1028,398,1272,629,Pig
PIC0552.JPG,758,212,905,316,Pig
PIC0555.JPG,861,602,1265,894,Pig
PIC0558.JPG,78,474,332,700,Pig
PIC0558.JPG,1050,288,1201,452,Pig
PIC0561.JPG,512,368,669,568,Pig
PIC0561.JPG,665,282,860,430,Pig
PIC0564.JPG,204,264,392,422,Pig
PIC0564.JPG,18,348,210,541,Pig
PIC0567.JPG,116,404,350,604,Pig
PIC0570.JPG,510,410,753,601,Pig
PIC0573.JPG,756,408,990,598,Pig
PIC0576.JPG,676,453,977,673,Pig
PIC0576.JPG,898,317,1058,506,Pig
PIC0579.JPG,168,372,413,537,Pig
PIC0579.JPG,613,392,858,562,Pig
PIC0582.JPG,708,300,818,489,Pig
PIC0582.JPG,1088,256,1260,388,Pig
PIC0585.JPG,862,408,1134,602,Pig
PIC0588.JPG,724,424,958,630,Pig
PIC0591.JPG,72,554,272,869,Pig
PIC0591.JPG,1153,521,1274,722,Pig
PIC0594.JPG,545,361,686,540,Pig
PIC0597.JPG,994,481,1226,697,Pig
PIC0597.JPG,58,265,244,438,Pig
PIC0600.JPG,146,364,274,557,Pig
PIC0600.JPG,1124,401,1273,578,Pig
PIC0603.JPG,380,300,542,456,Pig
PIC0603.JPG,1088,300,1226,453,Pig
PIC0606.JPG,426,450,717,666,Pig
PIC0606.JPG,1030,232,1142,358,Pig
PIC0609.JPG,258,470,565,698,Pig
PIC0612.JPG,58,602,225,941,Pig
PIC0612.JPG,105,193,194,337,Pig
PIC0615.JPG,138,284,308,477,Pig
PIC0621.JPG,832,405,1105,608,Pig
PIC0621.JPG,936,306,1036,438,Pig
PIC0624.JPG,578,414,728,646,Pig
PIC0624.JPG,869,378,998,601,Pig
PIC0627.JPG,561,360,732,552,Pig
PIC0627.JPG,1056,389,1269,600,Pig
PIC0630.JPG,493,316,678,510,Pig
PIC0633.JPG,638,428,832,617,Pig
PIC0639.JPG,929,410,1218,601,Pig
PIC0639.JPG,413,278,612,413,Pig
PIC0642.JPG,838,394,1104,582,Pig
PIC0642.JPG,965,277,1186,441,Pig
PIC0645.JPG,576,422,857,652,Pig
PIC0645.JPG,1053,298,1168,498,Pig
PIC0648.JPG,564,356,674,549,Pig
PIC0654.JPG,1040,332,1268,497,Pig
PIC0657.JPG,636,353,808,529,Pig
PIC0660.JPG,138,728,468,945,Pig
PIC0660.JPG,574,348,745,540,Pig
PIC0663.JPG,606,613,976,868,Pig
PIC0663.JPG,300,297,525,457,Pig
PIC0666.JPG,330,378,520,573,Pig
PIC0666.JPG,560,358,730,548,Pig
PIC0669.JPG,72,454,378,645,Pig
PIC0669.JPG,8,292,230,444,Pig
PIC0672.JPG,112,392,342,600,Pig
PIC0672.JPG,561,418,794,646,Pig
PIC0675.JPG,60,441,314,633,Pig
PIC0675.JPG,368,442,718,642,Pig
PIC0678.JPG,126,374,284,609,Pig
PIC0678.JPG,682,425,893,624,Pig
PIC0681.JPG,69,401,260,630,Pig
PIC0681.JPG,769,409,1060,610,Pig
PIC0684.JPG,168,414,438,613,Pig
PIC0684.JPG,790,341,1040,541,Pig
PIC0687.JPG,176,345,398,512,Pig
PIC0687.JPG,778,276,988,436,Pig
PIC0690.JPG,856,428,1137,668,Pig
PIC0693.JPG,554,402,822,588,Pig
PIC0693.JPG,552,302,662,446,Pig
PIC0696.JPG,66,438,321,620,Pig
PIC0696.JPG,661,361,906,537,Pig
PIC0699.JPG,138,294,244,514,Pig
PIC0699.JPG,886,364,1089,577,Pig
PIC0702.JPG,764,413,996,625,Pig
PIC0705.JPG,565,460,860,669,Pig
PIC0708.JPG,710,306,898,486,Pig
PIC0708.JPG,38,660,220,937,Pig
PIC0711.JPG,1102,614,1270,937,Pig
PIC0717.JPG,8,722,357,942,Pig
PIC0720.JPG,165,400,429,606,Pig
PIC0723.JPG,1065,284,1268,441,Pig
PIC0729.JPG,689,352,938,506,Pig
PIC0729.JPG,634,294,844,432,Pig
PIC0732.JPG,676,350,842,512,Pig
PIC0732.JPG,800,340,1014,504,Pig
PIC0735.JPG,684,376,952,529,Pig
PIC0735.JPG,544,288,680,469,Pig
PIC0738.JPG,573,340,825,494,Pig
PIC0738.JPG,676,373,941,538,Pig
PIC0741.JPG,574,365,796,508,Pig
PIC0741.JPG,758,309,949,465,Pig
PIC0744.JPG,234,324,397,533,Pig
PIC0744.JPG,542,336,720,508,Pig
PIC0747.JPG,254,324,496,492,Pig
PIC0747.JPG,578,348,730,540,Pig
PIC0750.JPG,629,320,765,513,Pig
PIC0750.JPG,805,284,1017,441,Pig
PIC0753.JPG,253,357,486,569,Pig
PIC0753.JPG,694,288,845,494,Pig
PIC0756.JPG,89,454,321,668,Pig
PIC0756.JPG,528,356,713,545,Pig
PIC0759.JPG,520,290,664,465,Pig
PIC0759.JPG,669,410,892,608,Pig
PIC0762.JPG,300,418,604,622,Pig
PIC0762.JPG,764,340,918,529,Pig
PIC0765.JPG,202,338,397,522,Pig
PIC0765.JPG,661,314,805,492,Pig
PIC0768.JPG,300,304,418,500,Pig
PIC0768.JPG,756,413,933,612,Pig
PIC0771.JPG,316,289,534,440,Pig
PIC0771.JPG,564,340,756,506,Pig
PIC0774.JPG,165,468,489,694,Pig
PIC0774.JPG,710,405,880,666,Pig
PIC0777.JPG,485,373,684,568,Pig
PIC0777.JPG,1004,353,1206,544,Pig
PIC0780.JPG,778,258,896,408,Pig
PIC0786.JPG,574,300,736,489,Pig
PIC0786.JPG,1117,397,1274,658,Pig
PIC0789.JPG,757,394,892,625,Pig
PIC0789.JPG,1053,572,1270,834,Pig
PIC0792.JPG,548,472,886,702,Pig
PIC0792.JPG,969,308,1177,480,Pig
PIC0795.JPG,1026,616,1274,937,Pig
PIC0798.JPG,753,422,1005,633,Pig
PIC0798.JPG,540,330,685,512,Pig
PIC0801.JPG,356,277,549,437,Pig
PIC0801.JPG,1060,292,1176,454,Pig
PIC0804.JPG,364,408,576,614,Pig
PIC0807.JPG,526,413,733,620,Pig
PIC0807.JPG,1117,358,1276,525,Pig
PIC0810.JPG,548,452,841,660,Pig
PIC0810.JPG,722,269,918,425,Pig
PIC0816.JPG,852,316,1098,493,Pig
PIC0816.JPG,1057,244,1164,372,Pig
PIC0819.JPG,13,316,246,512,Pig
PIC0819.JPG,372,201,541,326,Pig
PIC0822.JPG,297,400,464,633,Pig
PIC0825.JPG,1064,284,1257,432,Pig
PIC0828.JPG,536,321,730,489,Pig
PIC0831.JPG,530,310,722,490,Pig
PIC0831.JPG,333,246,496,389,Pig
PIC0834.JPG,9,753,233,937,Pig
PIC0837.JPG,41,422,226,616,Pig
PIC0837.JPG,936,696,1266,938,Pig
PIC0840.JPG,425,533,698,761,Pig
PIC0840.JPG,80,320,261,520,Pig
PIC0843.JPG,692,332,910,497,Pig
PIC0843.JPG,533,273,636,422,Pig
PIC0846.JPG,1008,314,1140,502,Pig
PIC0846.JPG,12,656,458,942,Pig
PIC0849.JPG,344,422,556,644,Pig
PIC0849.JPG,304,278,422,445,Pig
PIC0852.JPG,812,398,1048,626,Pig
PIC0852.JPG,617,297,836,450,Pig
PIC0855.JPG,938,346,1109,540,Pig
PIC0861.JPG,192,469,421,698,Pig
PIC0861.JPG,465,346,710,500,Pig
PIC0864.JPG,962,404,1229,625,Pig
PIC0867.JPG,102,340,370,528,Pig
PIC0870.JPG,334,274,546,453,Pig
PIC0873.JPG,886,273,1114,406,Pig
PIC0879.JPG,938,276,1120,441,Pig
PIC0882.JPG,1053,397,1270,590,Pig
PIC0885.JPG,13,761,298,940,Pig
PIC0885.JPG,25,173,177,333,Pig
PIC0888.JPG,102,546,256,834,Pig
PIC0888.JPG,29,321,180,458,Pig
PIC0891.JPG,761,297,958,428,Pig
PIC0891.JPG,418,240,525,346,Pig
PIC0891.JPG,998,372,1160,501,Pig
PIC0891.JPG,944,481,1202,626,Pig
PIC0894.JPG,638,440,794,612,Pig
PIC0894.JPG,802,490,1065,686,Pig
PIC0894.JPG,742,420,896,532,Pig
PIC0894.JPG,816,396,1026,506,Pig
PIC0897.JPG,333,445,561,572,Pig
PIC0897.JPG,433,486,694,610,Pig
PIC0897.JPG,600,508,856,662,Pig
PIC0897.JPG,804,521,1136,698,Pig
PIC0900.JPG,88,525,242,733,Pig
PIC0903.JPG,962,457,1192,617,Pig
PIC0903.JPG,972,390,1148,490,Pig
PIC0906.JPG,22,500,220,634,Pig
PIC0906.JPG,525,433,668,585,Pig
PIC0906.JPG,486,348,657,484,Pig
PIC0906.JPG,1124,437,1270,669,Pig
PIC0909.JPG,32,364,258,532,Pig
PIC0909.JPG,305,301,500,412,Pig
PIC0909.JPG,414,365,510,560,Pig
PIC0909.JPG,336,357,429,502,Pig
PIC0909.JPG,682,254,852,373,Pig
PIC0912.JPG,282,397,460,597,Pig
PIC0912.JPG,73,352,232,496,Pig
PIC0912.JPG,33,241,173,376,Pig
PIC0915.JPG,281,360,448,514,Pig
PIC0915.JPG,9,236,116,373,Pig
PIC0918.JPG,334,225,529,346,Pig
PIC0918.JPG,41,674,248,938,Pig
PIC0921.JPG,866,274,988,408,Pig
PIC0924.JPG,522,478,758,636,Pig
PIC0924.JPG,796,426,996,593,Pig
PIC0924.JPG,996,358,1125,537,Pig
PIC0927.JPG,353,362,484,528,Pig
PIC0927.JPG,914,457,1184,660,Pig
PIC0927.JPG,1014,428,1257,594,Pig
PIC0930.JPG,678,353,822,505,Pig
PIC0930.JPG,1025,316,1173,488,Pig
PIC0930.JPG,784,326,917,480,Pig
PIC0930.JPG,610,325,718,457,Pig
PIC0933.JPG,262,465,386,657,Pig
PIC0933.JPG,613,438,720,628,Pig
PIC0933.JPG,1144,370,1273,550,Pig
PIC0933.JPG,121,225,240,360,Pig
PIC0936.JPG,184,318,350,466,Pig
PIC0936.JPG,525,534,734,762,Pig
PIC0939.JPG,174,694,556,942,Pig
PIC0939.JPG,1004,448,1262,598,Pig
PIC0939.JPG,996,344,1185,466,Pig
PIC0942.JPG,222,346,397,489,Pig
PIC0942.JPG,160,276,330,378,Pig
PIC0945.JPG,320,416,577,644,Pig
PIC0945.JPG,6,648,185,933,Pig
PIC0948.JPG,600,324,762,508,Pig
PIC0951.JPG,898,501,1232,713,Pig
PIC0954.JPG,77,596,277,926,Pig
PIC0957.JPG,908,353,1093,540,Pig
PIC0972.JPG,976,306,1170,476,Pig
PIC0972.JPG,822,262,1025,412,Pig
PIC0978.JPG,593,405,868,586,Pig
PIC0978.JPG,634,348,821,460,Pig
PIC0981.JPG,608,341,805,524,Pig
PIC0981.JPG,572,273,733,428,Pig
PIC0984.JPG,580,494,905,673,Pig
PIC0984.JPG,402,214,500,320,Pig
PIC0990.JPG,1060,792,1273,940,Pig
PIC0990.JPG,529,344,717,510,Pig
PIC0990.JPG,341,265,496,454,Pig
PIC0993.JPG,321,461,570,666,Pig
PIC0993.JPG,712,354,869,561,Pig
PIC0999.JPG,381,412,525,664,Pig
PIC0999.JPG,77,277,270,468,Pig
PIC1005.JPG,829,268,1008,421,Pig
PIC1008.JPG,861,220,988,328,Pig
PIC1008.JPG,306,277,490,469,Pig
PIC1011.JPG,904,308,1125,469,Pig
PIC1011.JPG,981,413,1248,602,Pig
PIC1017.JPG,236,360,353,570,Pig
PIC1017.JPG,485,349,718,536,Pig
PIC1020.JPG,898,621,1149,904,Pig
PIC1026.JPG,925,641,1106,921,Pig
PIC1029.JPG,585,322,780,473,Pig
PIC1029.JPG,992,253,1192,389,Pig
PIC1029.JPG,241,441,397,616,Pig
PIC1029.JPG,93,372,213,544,Pig
PIC1032.JPG,673,790,1038,944,Pig
PIC1032.JPG,626,426,718,616,Pig
PIC1032.JPG,498,378,646,517,Pig
PIC1032.JPG,414,269,540,408,Pig
PIC1035.JPG,306,482,573,665,Pig
PIC1035.JPG,565,276,673,426,Pig
PIC1035.JPG,386,318,550,477,Pig
PIC1038.JPG,610,409,790,573,Pig
PIC1038.JPG,478,548,670,732,Pig
PIC1038.JPG,940,542,1250,776,Pig
PIC1038.JPG,129,308,289,457,Pig
PIC1041.JPG,118,465,350,620,Pig
PIC1041.JPG,205,268,380,373,Pig
PIC1041.JPG,116,214,217,321,Pig
PIC1044.JPG,753,546,948,741,Pig
PIC1044.JPG,133,374,310,548,Pig
PIC1044.JPG,673,246,822,364,Pig
PIC1047.JPG,521,370,669,548,Pig
PIC1047.JPG,766,497,1017,693,Pig
PIC1047.JPG,1136,425,1273,625,Pig
PIC1047.JPG,520,650,728,941,Pig
PIC1050.JPG,316,408,481,589,Pig
PIC1050.JPG,708,201,854,309,Pig
PIC1050.JPG,38,464,261,621,Pig
PIC1053.JPG,438,485,638,681,Pig
PIC1053.JPG,661,490,937,676,Pig
PIC1053.JPG,569,384,809,524,Pig
PIC1059.JPG,617,356,769,526,Pig
PIC1059.JPG,370,273,594,429,Pig
PIC1062.JPG,136,468,320,702,Pig
PIC1062.JPG,605,389,874,585,Pig
PIC1065.JPG,265,276,462,477,Pig
PIC1065.JPG,804,338,1046,534,Pig
PIC1068.JPG,290,201,457,334,Pig
PIC1068.JPG,1117,344,1276,506,Pig
PIC1074.JPG,185,605,497,820,Pig
PIC1074.JPG,100,520,330,666,Pig
PIC1077.JPG,234,404,370,560,Pig
PIC1077.JPG,348,389,514,565,Pig
PIC1077.JPG,406,162,549,270,Pig
PIC1077.JPG,632,274,830,404,Pig
PIC1077.JPG,65,364,208,577,Pig
PIC1080.JPG,80,284,270,424,Pig
PIC1080.JPG,690,400,940,589,Pig
PIC1083.JPG,321,462,473,714,Pig
PIC1083.JPG,12,636,174,874,Pig
PIC1086.JPG,638,322,816,505,Pig
PIC1086.JPG,758,422,1045,632,Pig
PIC1089.JPG,544,293,717,453,Pig
PIC1089.JPG,114,464,376,681,Pig
PIC1092.JPG,258,446,472,674,Pig
PIC1092.JPG,953,244,1128,382,Pig
PIC1095.JPG,1054,313,1244,496,Pig
PIC1098.JPG,24,348,237,528,Pig
PIC1098.JPG,560,414,856,618,Pig
PIC1104.JPG,713,800,1145,942,Pig
PIC1110.JPG,914,325,1108,470,Pig
PIC1110.JPG,1094,310,1222,422,Pig
PIC1113.JPG,482,360,606,538,Pig
PIC1113.JPG,300,433,513,576,Pig
PIC1113.JPG,101,641,453,912,Pig
PIC1116.JPG,656,421,890,582,Pig
PIC1116.JPG,734,312,868,430,Pig
PIC1119.JPG,56,441,318,617,Pig
PIC1119.JPG,9,701,284,925,Pig
PIC1122.JPG,132,449,312,630,Pig
PIC1128.JPG,653,364,842,528,Pig
PIC1128.JPG,705,313,880,462,Pig
PIC1131.JPG,469,292,678,422,Pig
PIC1131.JPG,626,357,850,526,Pig
PIC1134.JPG,454,318,638,510,Pig
PIC1134.JPG,650,398,800,616,Pig
PIC1137.JPG,828,510,1189,725,Pig
PIC1137.JPG,829,349,1061,508,Pig
PIC1146.JPG,22,373,248,556,Pig
PIC1146.JPG,532,345,773,517,Pig
PIC1149.JPG,652,461,925,672,Pig
PIC1149.JPG,1014,304,1190,480,Pig
PIC1152.JPG,454,232,625,378,Pig
PIC1152.JPG,1093,316,1238,488,Pig
PIC1155.JPG,852,594,1228,921,Pig
PIC1158.JPG,10,526,240,749,Pig
PIC1158.JPG,12,762,502,940,Pig
PIC1161.JPG,1008,384,1201,621,Pig
PIC1161.JPG,721,206,858,310,Pig
PIC1164.JPG,538,252,749,366,Pig
PIC1173.JPG,596,376,837,560,Pig
PIC1173.JPG,958,356,1229,524,Pig
PIC1176.JPG,549,414,768,648,Pig
PIC1176.JPG,625,329,789,465,Pig
PIC1179.JPG,185,374,400,592,Pig
PIC1179.JPG,394,276,545,449,Pig
PIC1182.JPG,549,364,766,537,Pig
PIC1182.JPG,33,454,314,633,Pig
PIC1185.JPG,888,252,1048,384,Pig
PIC1185.JPG,1117,301,1226,488,Pig
PIC1188.JPG,154,446,334,674,Pig
PIC1188.JPG,589,358,721,577,Pig
PIC1191.JPG,157,369,444,550,Pig
PIC1191.JPG,429,265,636,412,Pig
PIC1194.JPG,494,388,726,582,Pig
PIC1197.JPG,909,272,1020,452,Pig
PIC1197.JPG,97,769,373,942,Pig
PIC1200.JPG,189,390,488,594,Pig
PIC1200.JPG,90,222,260,330,Pig
PIC1203.JPG,344,296,530,465,Pig
PIC1203.JPG,633,417,874,633,Pig
PIC1209.JPG,497,268,664,418,Pig
PIC1209.JPG,753,276,920,462,Pig
PIC1212.JPG,501,366,666,521,Pig
PIC1212.JPG,645,350,741,532,Pig
PIC1212.JPG,553,261,708,397,Pig
PIC1215.JPG,560,358,778,545,Pig
PIC1215.JPG,190,360,370,592,Pig
PIC1215.JPG,70,660,257,817,Pig
PIC1215.JPG,58,802,440,942,Pig
PIC1218.JPG,105,302,254,533,Pig
PIC1218.JPG,648,296,836,448,Pig
PIC1221.JPG,537,374,737,589,Pig
PIC1221.JPG,121,449,436,652,Pig
PIC1224.JPG,172,322,309,525,Pig
PIC1224.JPG,710,290,948,453,Pig
PIC1227.JPG,550,412,838,609,Pig
PIC1227.JPG,1025,262,1192,454,Pig
PIC1227.JPG,58,393,172,561,Pig
PIC1230.JPG,642,409,877,620,Pig
PIC1233.JPG,733,305,850,470,Pig
PIC1233.JPG,465,242,666,386,Pig
PIC1233.JPG,336,434,529,553,Pig
PIC1233.JPG,257,458,494,609,Pig
PIC1233.JPG,44,441,270,605,Pig
PIC1236.JPG,184,336,333,461,Pig
PIC1236.JPG,594,314,705,520,Pig
PIC1236.JPG,684,409,896,666,Pig
PIC1236.JPG,72,336,170,501,Pig
PIC1239.JPG,129,498,462,752,Pig
PIC1239.JPG,722,398,896,608,Pig
PIC1242.JPG,552,352,782,564,Pig
PIC1242.JPG,805,406,956,628,Pig
PIC1245.JPG,42,624,329,860,Pig
PIC1245.JPG,510,408,694,588,Pig
PIC1245.JPG,858,430,1056,630,Pig
PIC1248.JPG,537,365,762,542,Pig
PIC1251.JPG,486,378,637,524,Pig
PIC1251.JPG,646,365,790,528,Pig
PIC1254.JPG,650,333,788,529,Pig
PIC1254.JPG,237,266,321,378,Pig
PIC1254.JPG,1085,233,1216,336,Pig
PIC1257.JPG,909,305,1040,482,Pig
PIC1257.JPG,1098,230,1229,364,Pig
PIC1260.JPG,542,394,741,572,Pig
PIC1263.JPG,466,357,638,537,Pig
PIC1263.JPG,78,373,229,569,Pig
PIC1266.JPG,350,485,605,644,Pig
PIC1266.JPG,436,749,869,944,Pig
PIC1269.JPG,808,358,1024,526,Pig
PIC1272.JPG,793,477,989,665,Pig
PIC1275.JPG,469,465,649,637,Pig
PIC1275.JPG,556,306,700,480,Pig
PIC1275.JPG,817,281,992,457,Pig
PIC1278.JPG,713,344,885,488,Pig
PIC1281.JPG,186,364,369,594,Pig
PIC1287.JPG,850,266,1053,409,Pig
PIC1290.JPG,257,390,434,554,Pig
PIC1290.JPG,490,336,608,520,Pig
PIC1290.JPG,206,265,334,406,Pig
PIC1290.JPG,644,232,796,344,Pig
PIC1293.JPG,850,293,958,406,Pig
PIC1293.JPG,812,278,936,369,Pig
PIC1293.JPG,1000,390,1240,549,Pig
PIC1296.JPG,584,437,778,604,Pig
PIC1296.JPG,353,433,533,621,Pig
PIC1299.JPG,1028,334,1138,497,Pig
PIC1299.JPG,6,690,265,876,Pig
PIC1299.JPG,34,294,236,462,Pig
PIC1302.JPG,324,364,462,562,Pig
PIC1302.JPG,1098,358,1233,525,Pig
PIC1305.JPG,277,642,534,916,Pig
PIC1305.JPG,330,576,502,680,Pig
PIC1308.JPG,262,305,445,434,Pig
PIC1308.JPG,556,220,700,337,Pig
PIC1308.JPG,994,280,1160,384,Pig
PIC1320.JPG,965,301,1132,482,Pig
PIC1320.JPG,202,180,396,348,Pig
PIC1323.JPG,626,344,780,558,Pig
PIC1323.JPG,388,286,525,465,Pig
PIC1326.JPG,616,420,897,614,Pig
PIC1326.JPG,661,354,876,486,Pig
PIC1329.JPG,649,312,810,512,Pig
PIC1332.JPG,577,296,792,454,Pig
PIC1332.JPG,364,389,586,614,Pig
PIC1335.JPG,161,333,412,528,Pig
PIC1335.JPG,798,301,1002,465,Pig
PIC1338.JPG,81,462,269,722,Pig
PIC1338.JPG,458,281,624,489,Pig
PIC1338.JPG,986,810,1274,942,Pig
PIC1341.JPG,37,434,321,640,Pig
PIC1341.JPG,772,252,973,378,Pig
PIC1344.JPG,141,457,397,606,Pig
PIC1344.JPG,76,517,174,704,Pig
PIC1344.JPG,797,265,941,398,Pig
PIC1347.JPG,164,393,358,545,Pig
PIC1347.JPG,861,405,1034,624,Pig
PIC1347.JPG,1062,309,1261,453,Pig
PIC1350.JPG,61,441,264,672,Pig
PIC1350.JPG,1132,354,1277,552,Pig
PIC1353.JPG,566,378,818,572,Pig
PIC1353.JPG,865,409,1128,609,Pig
PIC1356.JPG,605,322,817,493,Pig
PIC1359.JPG,161,241,300,414,Pig
PIC1359.JPG,818,366,986,576,Pig
PIC1362.JPG,976,653,1274,940,Pig
PIC1368.JPG,197,412,374,648,Pig
PIC1368.JPG,1060,264,1204,450,Pig
PIC1371.JPG,554,702,877,937,Pig
PIC1374.JPG,202,378,356,549,Pig
PIC1374.JPG,598,328,732,488,Pig
PIC1374.JPG,817,213,961,310,Pig
PIC1374.JPG,896,262,1082,360,Pig
PIC1374.JPG,714,632,912,937,Pig
PIC1374.JPG,969,796,1273,940,Pig
PIC1377.JPG,430,526,672,777,Pig
PIC1377.JPG,440,441,793,621,Pig
PIC1377.JPG,184,257,306,360,Pig
PIC1380.JPG,96,390,269,546,Pig
PIC1380.JPG,188,352,374,492,Pig
PIC1380.JPG,838,280,1069,428,Pig
PIC1380.JPG,728,262,904,404,Pig
PIC1386.JPG,922,286,1076,470,Pig
PIC1386.JPG,1045,294,1165,465,Pig
PIC1389.JPG,653,356,838,538,Pig
PIC1389.JPG,492,281,717,418,Pig
PIC1392.JPG,821,469,1130,721,Pig
PIC1392.JPG,832,349,1044,526,Pig
PIC1395.JPG,776,558,1138,825,Pig
PIC1395.JPG,890,358,1088,562,Pig
PIC1398.JPG,392,450,692,696,Pig
PIC1398.JPG,105,245,324,422,Pig
PIC1401.JPG,130,396,388,632,Pig
PIC1401.JPG,594,324,789,510,Pig
PIC1404.JPG,904,265,1102,396,Pig
PIC1407.JPG,192,426,388,680,Pig
PIC1407.JPG,566,278,717,488,Pig
PIC1410.JPG,205,266,385,454,Pig
PIC1410.JPG,388,301,573,486,Pig
PIC1413.JPG,224,365,412,594,Pig
PIC1416.JPG,613,257,724,445,Pig
PIC1419.JPG,780,341,925,540,Pig
PIC1422.JPG,584,357,796,522,Pig
PIC1425.JPG,897,322,1153,500,Pig
PIC1428.JPG,669,469,824,760,Pig
PIC1428.JPG,858,434,1217,624,Pig
PIC1431.JPG,844,280,1046,452,Pig
PIC1437.JPG,142,269,361,430,Pig
PIC1437.JPG,53,473,264,680,Pig
PIC1440.JPG,789,737,1044,940,Pig
PIC1443.JPG,326,401,593,612,Pig
PIC1446.JPG,69,273,188,446,Pig
PIC1449.JPG,928,336,1133,522,Pig
PIC1455.JPG,525,361,774,513,Pig
PIC1455.JPG,886,308,1060,510,Pig
PIC1458.JPG,445,421,757,614,Pig
PIC1458.JPG,384,289,520,468,Pig
PIC1461.JPG,238,429,477,646,Pig
PIC1461.JPG,596,469,902,668,Pig
PIC1464.JPG,150,390,378,612,Pig
PIC1464.JPG,970,320,1109,517,Pig
PIC1467.JPG,160,440,358,650,Pig
PIC1467.JPG,677,278,785,429,Pig
PIC1470.JPG,569,386,729,597,Pig
PIC1470.JPG,729,368,924,541,Pig
PIC1473.JPG,801,384,998,589,Pig
PIC1476.JPG,324,385,494,593,Pig
PIC1476.JPG,672,293,882,438,Pig
PIC1479.JPG,1016,642,1277,881,Pig
PIC1482.JPG,66,364,302,552,Pig
PIC1482.JPG,726,336,940,520,Pig
PIC1485.JPG,49,434,332,616,Pig
PIC1485.JPG,873,306,1024,493,Pig
PIC1488.JPG,129,288,272,516,Pig
PIC1491.JPG,1008,368,1194,584,Pig
PIC1494.JPG,978,368,1158,557,Pig
PIC1497.JPG,241,254,400,442,Pig
PIC1497.JPG,1036,282,1172,410,Pig
PIC1497.JPG,104,264,246,416,Pig
PIC1500.JPG,296,406,536,618,Pig
PIC1500.JPG,180,326,449,500,Pig
PIC1506.JPG,177,348,392,548,Pig
PIC1509.JPG,276,404,490,558,Pig
PIC1512.JPG,1050,493,1276,685,Pig
PIC1518.JPG,378,430,554,620,Pig
PIC1518.JPG,230,298,416,454,Pig
PIC1518.JPG,410,188,497,302,Pig
PIC1521.JPG,305,270,557,414,Pig
PIC1521.JPG,637,292,850,453,Pig
PIC1524.JPG,482,358,693,557,Pig
PIC1524.JPG,41,248,178,368,Pig
PIC1524.JPG,713,329,838,504,Pig
PIC1533.JPG,765,504,1025,680,Pig
PIC1536.JPG,178,412,442,554,Pig
PIC1536.JPG,345,330,533,470,Pig
PIC1536.JPG,700,442,834,613,Pig
PIC1542.JPG,384,208,580,330,Pig
PIC1545.JPG,652,370,833,560,Pig
PIC1545.JPG,804,422,1089,606,Pig
PIC1548.JPG,662,406,898,609,Pig
PIC1548.JPG,580,365,777,536,Pig
PIC1551.JPG,184,404,386,609,Pig
PIC1551.JPG,254,294,366,482,Pig
PIC1557.JPG,809,593,1220,846,Pig
PIC1557.JPG,130,440,357,640,Pig
PIC1563.JPG,128,298,313,477,Pig
PIC1563.JPG,944,641,1277,913,Pig
PIC1566.JPG,845,414,1053,622,Pig
PIC1569.JPG,165,617,546,888,Pig
PIC1569.JPG,197,269,326,450,Pig
PIC1572.JPG,585,385,822,560,Pig
PIC1572.JPG,864,290,986,461,Pig
PIC1575.JPG,74,518,321,685,Pig
PIC1575.JPG,216,418,418,572,Pig
PIC1578.JPG,1032,576,1273,816,Pig
PIC1578.JPG,1070,501,1264,608,Pig
PIC1581.JPG,613,397,809,536,Pig
PIC1581.JPG,505,338,693,466,Pig
PIC1584.JPG,360,406,513,597,Pig
PIC1587.JPG,1013,314,1166,449,Pig
PIC1710.JPG,966,290,1042,401,Pig
PIC1710.JPG,1021,304,1172,421,Pig
PIC1713.JPG,50,472,230,614,Pig
PIC1713.JPG,556,370,736,520,Pig
PIC1713.JPG,478,310,676,449,Pig
PIC1716.JPG,33,526,225,677,Pig
PIC1716.JPG,310,297,434,494,Pig
PIC1716.JPG,648,368,877,500,Pig
PIC1716.JPG,336,176,441,298,Pig
PIC1719.JPG,90,449,393,676,Pig
PIC1719.JPG,970,320,1218,509,Pig
PIC1722.JPG,626,373,849,533,Pig
PIC1725.JPG,280,618,661,908,Pig
PIC1728.JPG,38,261,250,438,Pig
PIC1728.JPG,505,332,697,480,Pig
PIC1731.JPG,822,409,941,608,Pig
PIC1731.JPG,1152,385,1276,568,Pig
PIC1734.JPG,284,281,425,473,Pig
PIC1737.JPG,32,638,372,857,Pig
PIC1737.JPG,553,285,689,440,Pig
PIC1737.JPG,28,518,174,645,Pig
PIC1740.JPG,613,328,757,498,Pig
PIC1740.JPG,961,237,1086,350,Pig
PIC1743.JPG,758,505,1114,742,Pig
PIC1743.JPG,38,434,198,648,Pig
PIC1749.JPG,1104,672,1276,942,Pig
PIC1752.JPG,614,361,828,490,Pig
PIC1752.JPG,729,290,925,434,Pig
PIC1755.JPG,910,409,1070,634,Pig
PIC1755.JPG,1122,334,1246,514,Pig
PIC1758.JPG,76,368,282,526,Pig
PIC1758.JPG,348,330,524,470,Pig
PIC1758.JPG,625,305,696,440,Pig
PIC1761.JPG,320,444,497,678,Pig
PIC1761.JPG,848,362,953,554,Pig
PIC1761.JPG,910,230,1072,348,Pig
PIC1761.JPG,552,312,708,412,Pig
PIC1761.JPG,473,350,661,474,Pig
PIC1764.JPG,325,421,516,597,Pig
PIC1764.JPG,573,468,761,629,Pig
PIC1764.JPG,705,390,870,541,Pig
PIC1767.JPG,805,394,969,553,Pig
PIC1767.JPG,1141,373,1276,526,Pig
PIC1767.JPG,1114,264,1236,366,Pig
PIC1776.JPG,776,576,1096,785,Pig
PIC1776.JPG,1084,556,1276,738,Pig
PIC1782.JPG,798,384,1013,524,Pig
PIC1782.JPG,856,244,1008,352,Pig
PIC1782.JPG,1161,565,1274,752,Pig
PIC1785.JPG,913,357,1112,524,Pig
PIC1785.JPG,500,277,637,389,Pig
PIC1788.JPG,822,205,962,320,Pig
PIC1788.JPG,1062,324,1169,486,Pig
PIC1800.JPG,665,362,765,546,Pig
PIC1800.JPG,512,310,694,444,Pig
PIC1803.JPG,541,254,702,348,Pig
PIC1806.JPG,645,370,818,493,Pig
PIC1806.JPG,1034,325,1180,508,Pig
PIC1809.JPG,117,272,301,484,Pig
PIC1809.JPG,609,296,772,448,Pig
PIC1812.JPG,49,454,252,656,Pig
PIC1812.JPG,874,350,1048,544,Pig
PIC1815.JPG,1002,676,1276,942,Pig
PIC1815.JPG,709,300,808,485,Pig
PIC1821.JPG,860,689,1272,940,Pig
PIC1821.JPG,13,610,113,882,Pig
PIC1824.JPG,468,705,829,904,Fox
PIC1851.JPG,832,360,1077,572,Pig
PIC1851.JPG,586,298,781,468,Pig
PIC1854.JPG,124,358,366,573,Pig
PIC1854.JPG,261,282,434,474,Pig
PIC1857.JPG,668,376,776,596,Pig
PIC1860.JPG,157,253,369,434,Pig
PIC1860.JPG,1010,390,1270,580,Pig
PIC1863.JPG,494,337,656,516,Pig
PIC1863.JPG,38,374,206,570,Pig
PIC1866.JPG,325,256,540,396,Pig
PIC1869.JPG,774,293,941,448,Pig
PIC1869.JPG,930,289,1133,416,Pig
PIC1872.JPG,590,369,753,512,Pig
PIC1872.JPG,745,353,837,518,Pig
PIC1875.JPG,709,364,948,528,Pig
PIC1875.JPG,621,313,801,448,Pig
PIC1878.JPG,302,344,434,569,Pig
PIC1878.JPG,652,368,897,537,Pig
PIC1881.JPG,68,349,313,521,Pig
PIC1884.JPG,802,396,1069,578,Pig
PIC1884.JPG,846,260,1072,422,Pig
PIC1887.JPG,253,341,389,569,Pig
PIC1887.JPG,558,377,780,512,Pig
PIC1890.JPG,493,302,705,470,Pig
PIC1893.JPG,245,380,469,577,Pig
PIC1893.JPG,972,426,1182,669,Pig
PIC1896.JPG,1032,549,1276,876,Pig
PIC1899.JPG,74,434,230,664,Pig
PIC1899.JPG,598,384,748,593,Pig
PIC1902.JPG,792,506,1006,833,Pig
PIC1902.JPG,372,169,480,297,Pig
PIC1911.JPG,717,356,914,541,Pig
PIC1911.JPG,410,256,620,394,Pig
PIC1917.JPG,773,290,928,438,Pig
PIC1917.JPG,930,274,1028,469,Pig
PIC1935.JPG,653,366,826,510,Pig
PIC1938.JPG,612,372,780,538,Pig
PIC1941.JPG,541,304,716,470,Pig
PIC1944.JPG,596,373,692,552,Pig
PIC1950.JPG,856,386,1112,568,Pig
PIC1953.JPG,853,277,1013,474,Pig
PIC1953.JPG,449,272,592,389,Pig
PIC1956.JPG,190,322,360,541,Pig
PIC1956.JPG,496,293,665,454,Pig
PIC1959.JPG,841,349,1080,561,Pig
PIC1962.JPG,581,372,761,566,Pig
PIC1962.JPG,517,300,646,473,Pig
PIC1965.JPG,654,366,888,516,Pig
PIC1968.JPG,426,270,640,406,Pig
PIC1974.JPG,657,342,890,522,Pig
PIC1974.JPG,360,196,460,353,Pig
PIC1977.JPG,9,689,210,934,Pig
PIC1980.JPG,576,360,781,524,Pig
PIC1980.JPG,628,288,814,409,Pig
PIC1983.JPG,797,426,916,681,Pig
PIC1983.JPG,885,512,1189,817,Pig
PIC1986.JPG,93,432,290,649,Pig
PIC1986.JPG,713,408,844,638,Pig
PIC1995.JPG,270,349,458,566,Pig
PIC1995.JPG,65,454,194,609,Pig
PIC1998.JPG,1169,388,1273,581,Pig
PIC2001.JPG,654,353,860,558,Pig
PIC2004.JPG,834,354,1064,537,Pig
PIC2004.JPG,1057,304,1212,500,Pig
PIC2007.JPG,314,410,561,605,Pig
PIC2010.JPG,596,374,717,585,Pig
PIC2010.JPG,734,357,892,533,Pig
PIC2013.JPG,181,264,349,458,Pig
PIC2016.JPG,388,454,676,658,Pig
PIC2016.JPG,290,389,420,608,Pig
PIC2022.JPG,686,358,841,504,Pig
PIC2022.JPG,796,270,961,414,Pig
PIC2025.JPG,692,340,892,540,Pig
PIC2025.JPG,553,358,757,501,Pig
PIC2028.JPG,645,381,880,546,Pig
PIC2028.JPG,892,377,1012,594,Pig
PIC2031.JPG,584,370,778,518,Pig
PIC2031.JPG,817,333,1045,521,Pig
PIC2037.JPG,294,398,481,604,Pig
PIC2037.JPG,777,668,1094,944,Pig
PIC2040.JPG,586,421,866,660,Pig
PIC2043.JPG,185,274,426,449,Pig
PIC2049.JPG,609,377,828,562,Pig
